{
  "valor_parcela": {
    "(-0.001, 4902.75]": -0.18891971173483377,
    "(4902.75, 6750.0]": 0.00047142908475971947,
    "(6750.0, 8737.956]": 0.08522899174000566,
    "(8737.956, 10681.011]": -0.16452825861067452,
    "(10681.011, 12881.7]": -0.2592991312744933,
    "(12881.7, 15883.335]": -0.13913804050341771,
    "(15883.335, 20083.23]": 0.1211841999838218,
    "(20083.23, 25807.275]": -0.0032136022381262664,
    "(25807.275, 37421.055]": 0.30100845242431684,
    "(37421.055, 224343.0]": 0.47260314960460126
  },
  "valor_bem": {
    "(-0.001, 32347.8]": -0.7100138014921054,
    "(32347.8, 52830.0]": -0.11310684518501854,
    "(52830.0, 73687.5]": -0.0030193143027960156,
    "(73687.5, 93986.1]": -0.11369004893405275,
    "(93986.1, 121590.0]": 0.08872923838610894,
    "(121590.0, 157286.7]": 0.12099010060433031,
    "(157286.7, 225000.0]": -0.11566649691335706,
    "(225000.0, 322269.3]": 0.22847008073235975,
    "(322269.3, 544500.0]": 0.739231250743897,
    "(544500.0, 3150000.0]": 0.7371019429320266
  },
  "valor_credito": {
    "(-0.001, 39552.3]": -0.3869516165556521,
    "(39552.3, 59341.5]": -0.11330120864530015,
    "(59341.5, 82026.0]": 0.15471468196364696,
    "(82026.0, 105669.9]": -0.2596884256833026,
    "(105669.9, 135900.0]": -0.11330120864530015,
    "(135900.0, 179369.1]": 0.1545206202514136,
    "(179369.1, 254340.0]": -0.10613480183689289,
    "(254340.0, 386882.1]": -0.01023322743560949,
    "(386882.1, 630000.0]": 0.47415188672570435,
    "(630000.0, 3524220.0]": 0.6217222237062928
  },
  "renda_anual": {
    "(26099.999, 90000.0]": -0.1481590372265916,
    "(90000.0, 110610.0]": -0.5185944690764517,
    "(110610.0, 117000.0]": -0.19851997870183788,
    "(117000.0, 135000.0]": 0.10398518290231877,
    "(135000.0, 157500.0]": -0.1257799018065531,
    "(157500.0, 180000.0]": 0.36631633717865086,
    "(180000.0, 202500.0]": 0.02317801678950939,
    "(202500.0, 225000.0]": 0.07149565700590702,
    "(225000.0, 270000.0]": 0.27816452345930043,
    "(270000.0, 18000090.0]": 0.19370858705841826
  },
  "qtd_filhos": {
    "(-0.001, 1.0]": 0.019500565899708094,
    "(1.0, 14.0]": -0.16229346401940778
  }
}